data/52capturetest/38%F2%AC29%F2b_886.JPG,null
data/52capturetest/38%F2%AC30%F2b_929.JPG,null
data/52capturetest/38%F2%AC31%F2b_957.JPG,null
data/52capturetest/38%F2%AC32%F2b_988.JPG,null
data/52capturetest/38%F2%AC34%F2b_015.JPG,null
data/52capturetest/38%F2%AC35%F2b_045.JPG,null
data/52capturetest/38%F2%AC36%F2b_074.JPG,null
data/52capturetest/38%F2%AC37%F2b_104.JPG,null
data/52capturetest/38%F2%AC38%F2b_132.JPG,null
data/52capturetest/38%F2%AC39%F2b_161.JPG,null
data/52capturetest/38%F2%AC40%F2b_193.JPG,null
data/52capturetest/38%F2%AC41%F2b_234.JPG,null
data/52capturetest/38%F2%AC42%F2b_264.JPG,null
data/52capturetest/38%F2%AC43%F2b_294.JPG,null
data/52capturetest/38%F2%AC44%F2b_323.JPG,null
data/52capturetest/38%F2%AC45%F2b_352.JPG,null
data/52capturetest/38%F2%AC46%F2b_382.JPG,null
data/52capturetest/38%F2%AC47%F2b_411.JPG,null
data/52capturetest/38%F2%AC48%F2b_439.JPG,null
data/52capturetest/38%F2%AC49%F2b_483.JPG,null
data/52capturetest/38%F2%AC50%F2b_514.JPG,null
data/52capturetest/38%F2%AC51%F2b_542.JPG,null
data/52capturetest/38%F2%AC52%F2b_572.JPG,null
data/52capturetest/38%F2%AC53%F2b_615.JPG,null
data/52capturetest/38%F2%AC54%F2b_645.JPG,null
data/52capturetest/38%F2%AC55%F2b_674.JPG,null
data/52capturetest/38%F2%AC56%F2b_703.JPG,null
data/52capturetest/38%F2%AC57%F2b_732.JPG,null
data/52capturetest/38%F2%AC58%F2b_761.JPG,null
data/52capturetest/38%F2%AC59%F2b_807.JPG,null
data/52capturetest/39%F2%AC00%F2b_836.JPG,null
data/52capturetest/39%F2%AC01%F2b_864.JPG,null
data/52capturetest/39%F2%AC02%F2b_895.JPG,null
data/52capturetest/39%F2%AC03%F2b_922.JPG,null
data/52capturetest/39%F2%AC04%F2b_953.JPG,null
data/52capturetest/39%F2%AC05%F2b_980.JPG,null
data/52capturetest/39%F2%AC07%F2b_011.JPG,null
data/52capturetest/39%F2%AC08%F2b_056.JPG,null
data/52capturetest/39%F2%AC09%F2b_085.JPG,null
data/52capturetest/39%F2%AC10%F2b_113.JPG,null
data/52capturetest/39%F2%AC11%F2b_157.JPG,null
data/52capturetest/39%F2%AC12%F2b_187.JPG,null
data/52capturetest/39%F2%AC13%F2b_218.JPG,null
data/52capturetest/39%F2%AC14%F2b_245.JPG,null
data/52capturetest/39%F2%AC15%F2b_276.JPG,null
data/52capturetest/39%F2%AC16%F2b_319.JPG,null
data/52capturetest/39%F2%AC17%F2b_348.JPG,null
data/52capturetest/39%F2%AC18%F2b_394.JPG,null
data/52capturetest/39%F2%AC19%F2b_425.JPG,null
data/52capturetest/39%F2%AC20%F2b_764.JPG,null
data/52capturetest/39%F2%AC21%F2b_792.JPG,null
data/52capturetest/39%F2%AC22%F2b_822.JPG,null
data/52capturetest/39%F2%AC23%F2b_851.JPG,null
data/52capturetest/39%F2%AC24%F2b_895.JPG,null
data/52capturetest/39%F2%AC25%F2b_925.JPG,null
data/52capturetest/39%F2%AC26%F2b_953.JPG,null
data/52capturetest/39%F2%AC27%F2b_985.JPG,null
data/52capturetest/39%F2%AC29%F2b_028.JPG,null
data/52capturetest/39%F2%AC30%F2b_057.JPG,null
data/52capturetest/39%F2%AC31%F2b_086.JPG,null
data/52capturetest/39%F2%AC32%F2b_119.JPG,null
data/52capturetest/39%F2%AC33%F2b_161.JPG,null
data/52capturetest/39%F2%AC34%F2b_192.JPG,null
data/52capturetest/39%F2%AC35%F2b_220.JPG,null
data/52capturetest/39%F2%AC36%F2b_266.JPG,null
data/52capturetest/39%F2%AC37%F2b_295.JPG,null
data/52capturetest/39%F2%AC38%F2b_323.JPG,null
data/52capturetest/39%F2%AC39%F2b_368.JPG,null
data/52capturetest/39%F2%AC40%F2b_399.JPG,null
data/52capturetest/39%F2%AC41%F2b_443.JPG,null
data/52capturetest/39%F2%AC42%F2b_504.JPG,null
data/52capturetest/39%F2%AC43%F2b_549.JPG,null
data/52capturetest/39%F2%AC44%F2b_579.JPG,null
data/52capturetest/39%F2%AC45%F2b_609.JPG,null
data/52capturetest/39%F2%AC46%F2b_638.JPG,null
data/52capturetest/39%F2%AC47%F2b_683.JPG,6c
data/52capturetest/39%F2%AC48%F2b_727.JPG,6c
data/52capturetest/39%F2%AC49%F2b_757.JPG,6c
data/52capturetest/39%F2%AC50%F2b_786.JPG,6c
data/52capturetest/39%F2%AC51%F2b_816.JPG,6c
data/52capturetest/39%F2%AC52%F2b_845.JPG,6c
data/52capturetest/39%F2%AC53%F2b_875.JPG,6c
data/52capturetest/39%F2%AC54%F2b_904.JPG,6c
data/52capturetest/39%F2%AC55%F2b_934.JPG,6c
data/52capturetest/39%F2%AC56%F2b_963.JPG,6c
data/52capturetest/39%F2%AC57%F2b_992.JPG,6c
data/52capturetest/39%F2%AC59%F2b_021.JPG,6c
data/52capturetest/40%F2%AC00%F2b_066.JPG,6c
data/52capturetest/40%F2%AC01%F2b_098.JPG,6c
data/52capturetest/40%F2%AC02%F2b_126.JPG,6c
data/52capturetest/40%F2%AC03%F2b_155.JPG,6c
data/52capturetest/40%F2%AC04%F2b_200.JPG,6c
data/52capturetest/40%F2%AC05%F2b_230.JPG,6c
data/52capturetest/40%F2%AC06%F2b_275.JPG,6c
data/52capturetest/40%F2%AC07%F2b_306.JPG,6c
data/52capturetest/40%F2%AC08%F2b_333.JPG,6c
data/52capturetest/40%F2%AC09%F2b_363.JPG,6c
data/52capturetest/40%F2%AC10%F2b_393.JPG,6c
data/52capturetest/40%F2%AC11%F2b_422.JPG,null
data/52capturetest/40%F2%AC12%F2b_483.JPG,null
data/52capturetest/40%F2%AC13%F2b_513.JPG,null
data/52capturetest/40%F2%AC14%F2b_542.JPG,9d
data/52capturetest/40%F2%AC15%F2b_572.JPG,9d
data/52capturetest/40%F2%AC16%F2b_601.JPG,9d
data/52capturetest/40%F2%AC17%F2b_629.JPG,9d
data/52capturetest/40%F2%AC18%F2b_659.JPG,null
data/52capturetest/40%F2%AC19%F2b_688.JPG,
data/52capturetest/40%F2%AC20%F2b_718.JPG,
data/52capturetest/40%F2%AC21%F2b_747.JPG,
data/52capturetest/40%F2%AC22%F2b_778.JPG,
data/52capturetest/40%F2%AC23%F2b_807.JPG,
data/52capturetest/40%F2%AC24%F2b_836.JPG,
data/52capturetest/40%F2%AC25%F2b_867.JPG,
data/52capturetest/40%F2%AC26%F2b_896.JPG,
data/52capturetest/40%F2%AC27%F2b_940.JPG,
data/52capturetest/40%F2%AC28%F2b_969.JPG,
data/52capturetest/40%F2%AC29%F2b_999.JPG,
data/52capturetest/40%F2%AC31%F2b_030.JPG,
data/52capturetest/40%F2%AC32%F2b_057.JPG,
data/52capturetest/40%F2%AC33%F2b_087.JPG,
data/52capturetest/40%F2%AC34%F2b_117.JPG,
data/52capturetest/40%F2%AC35%F2b_163.JPG,
data/52capturetest/40%F2%AC36%F2b_192.JPG,
data/52capturetest/40%F2%AC37%F2b_221.JPG,
data/52capturetest/40%F2%AC38%F2b_249.JPG,
data/52capturetest/40%F2%AC39%F2b_279.JPG,
data/52capturetest/40%F2%AC40%F2b_308.JPG,
data/52capturetest/40%F2%AC41%F2b_338.JPG,
data/52capturetest/40%F2%AC42%F2b_369.JPG,
data/52capturetest/40%F2%AC43%F2b_413.JPG,
data/52capturetest/40%F2%AC44%F2b_474.JPG,
data/52capturetest/40%F2%AC45%F2b_519.JPG,
data/52capturetest/40%F2%AC46%F2b_549.JPG,
data/52capturetest/40%F2%AC47%F2b_593.JPG,
data/52capturetest/40%F2%AC48%F2b_622.JPG,
data/52capturetest/40%F2%AC49%F2b_667.JPG,
data/52capturetest/40%F2%AC50%F2b_697.JPG,
data/52capturetest/40%F2%AC51%F2b_726.JPG,
data/52capturetest/40%F2%AC52%F2b_756.JPG,
data/52capturetest/40%F2%AC53%F2b_801.JPG,
data/52capturetest/40%F2%AC54%F2b_846.JPG,
data/52capturetest/40%F2%AC55%F2b_875.JPG,
data/52capturetest/40%F2%AC56%F2b_906.JPG,
data/52capturetest/40%F2%AC57%F2b_949.JPG,
data/52capturetest/40%F2%AC58%F2b_980.JPG,
data/52capturetest/41%F2%AC00%F2b_024.JPG,
data/52capturetest/41%F2%AC01%F2b_054.JPG,
data/52capturetest/41%F2%AC02%F2b_083.JPG,
data/52capturetest/41%F2%AC03%F2b_113.JPG,
data/52capturetest/41%F2%AC04%F2b_142.JPG,
data/52capturetest/41%F2%AC05%F2b_172.JPG,
data/52capturetest/41%F2%AC06%F2b_295.JPG,
data/52capturetest/41%F2%AC07%F2b_341.JPG,
data/52capturetest/41%F2%AC08%F2b_368.JPG,
data/52capturetest/41%F2%AC09%F2b_399.JPG,
data/52capturetest/41%F2%AC10%F2b_492.JPG,
data/52capturetest/41%F2%AC11%F2b_519.JPG,
data/52capturetest/41%F2%AC12%F2b_549.JPG,
data/52capturetest/41%F2%AC13%F2b_580.JPG,
data/52capturetest/41%F2%AC14%F2b_608.JPG,
data/52capturetest/41%F2%AC15%F2b_638.JPG,
data/52capturetest/41%F2%AC16%F2b_683.JPG,
data/52capturetest/41%F2%AC17%F2b_711.JPG,
data/52capturetest/41%F2%AC18%F2b_741.JPG,
data/52capturetest/41%F2%AC19%F2b_770.JPG,
data/52capturetest/41%F2%AC20%F2b_800.JPG,
data/52capturetest/41%F2%AC21%F2b_831.JPG,
data/52capturetest/41%F2%AC22%F2b_859.JPG,
data/52capturetest/41%F2%AC23%F2b_890.JPG,
data/52capturetest/41%F2%AC24%F2b_920.JPG,
data/52capturetest/41%F2%AC25%F2b_948.JPG,
data/52capturetest/41%F2%AC26%F2b_993.JPG,
data/52capturetest/41%F2%AC28%F2b_022.JPG,
data/52capturetest/41%F2%AC29%F2b_051.JPG,
data/52capturetest/41%F2%AC30%F2b_082.JPG,
data/52capturetest/41%F2%AC31%F2b_110.JPG,
data/52capturetest/41%F2%AC32%F2b_140.JPG,
data/52capturetest/41%F2%AC33%F2b_169.JPG,
data/52capturetest/41%F2%AC34%F2b_214.JPG,
data/52capturetest/41%F2%AC35%F2b_260.JPG,
data/52capturetest/41%F2%AC36%F2b_290.JPG,
data/52capturetest/41%F2%AC37%F2b_319.JPG,
data/52capturetest/41%F2%AC38%F2b_347.JPG,
data/52capturetest/41%F2%AC39%F2b_394.JPG,
data/52capturetest/41%F2%AC40%F2b_453.JPG,
data/52capturetest/41%F2%AC41%F2b_483.JPG,
data/52capturetest/41%F2%AC42%F2b_513.JPG,
data/52capturetest/41%F2%AC43%F2b_542.JPG,
data/52capturetest/41%F2%AC44%F2b_573.JPG,
data/52capturetest/41%F2%AC45%F2b_616.JPG,
data/52capturetest/41%F2%AC46%F2b_647.JPG,
data/52capturetest/41%F2%AC47%F2b_690.JPG,
data/52capturetest/41%F2%AC48%F2b_723.JPG,
data/52capturetest/41%F2%AC49%F2b_750.JPG,
data/52capturetest/41%F2%AC50%F2b_795.JPG,
data/52capturetest/41%F2%AC51%F2b_841.JPG,
data/52capturetest/41%F2%AC52%F2b_869.JPG,
data/52capturetest/41%F2%AC53%F2b_914.JPG,
data/52capturetest/41%F2%AC54%F2b_949.JPG,
data/52capturetest/41%F2%AC55%F2b_989.JPG,
data/52capturetest/41%F2%AC57%F2b_018.JPG,
data/52capturetest/41%F2%AC58%F2b_047.JPG,
data/52capturetest/41%F2%AC59%F2b_076.JPG,
data/52capturetest/42%F2%AC00%F2b_122.JPG,
data/52capturetest/42%F2%AC01%F2b_152.JPG,
data/52capturetest/42%F2%AC02%F2b_196.JPG,
data/52capturetest/42%F2%AC03%F2b_227.JPG,
data/52capturetest/42%F2%AC04%F2b_271.JPG,
data/52capturetest/42%F2%AC05%F2b_302.JPG,
data/52capturetest/42%F2%AC06%F2b_347.JPG,
data/52capturetest/42%F2%AC07%F2b_375.JPG,
data/52capturetest/42%F2%AC08%F2b_466.JPG,
data/52capturetest/42%F2%AC09%F2b_496.JPG,
data/52capturetest/42%F2%AC10%F2b_527.JPG,
data/52capturetest/42%F2%AC11%F2b_555.JPG,
data/52capturetest/42%F2%AC12%F2b_757.JPG,
data/52capturetest/42%F2%AC13%F2b_786.JPG,
data/52capturetest/42%F2%AC14%F2b_831.JPG,
data/52capturetest/42%F2%AC15%F2b_861.JPG,
data/52capturetest/42%F2%AC16%F2b_906.JPG,
data/52capturetest/42%F2%AC17%F2b_935.JPG,
data/52capturetest/42%F2%AC18%F2b_963.JPG,
data/52capturetest/42%F2%AC19%F2b_993.JPG,
data/52capturetest/42%F2%AC21%F2b_023.JPG,
data/52capturetest/42%F2%AC22%F2b_052.JPG,
data/52capturetest/42%F2%AC23%F2b_082.JPG,
data/52capturetest/42%F2%AC24%F2b_111.JPG,
data/52capturetest/42%F2%AC25%F2b_141.JPG,
data/52capturetest/42%F2%AC26%F2b_171.JPG,
data/52capturetest/42%F2%AC27%F2b_215.JPG,
data/52capturetest/42%F2%AC28%F2b_244.JPG,
data/52capturetest/42%F2%AC29%F2b_289.JPG,
data/52capturetest/42%F2%AC30%F2b_319.JPG,
data/52capturetest/42%F2%AC31%F2b_350.JPG,
data/52capturetest/42%F2%AC32%F2b_378.JPG,
data/52capturetest/42%F2%AC33%F2b_408.JPG,
data/52capturetest/42%F2%AC34%F2b_453.JPG,
data/52capturetest/42%F2%AC35%F2b_484.JPG,
data/52capturetest/42%F2%AC36%F2b_512.JPG,
data/52capturetest/42%F2%AC37%F2b_556.JPG,
data/52capturetest/42%F2%AC38%F2b_585.JPG,
data/52capturetest/42%F2%AC39%F2b_615.JPG,
data/52capturetest/42%F2%AC40%F2b_644.JPG,
data/52capturetest/42%F2%AC41%F2b_674.JPG,
data/52capturetest/42%F2%AC42%F2b_704.JPG,
data/52capturetest/42%F2%AC43%F2b_750.JPG,
data/52capturetest/42%F2%AC44%F2b_778.JPG,
data/52capturetest/42%F2%AC45%F2b_808.JPG,
data/52capturetest/42%F2%AC46%F2b_838.JPG,
data/52capturetest/42%F2%AC47%F2b_884.JPG,
data/52capturetest/42%F2%AC48%F2b_911.JPG,
data/52capturetest/42%F2%AC49%F2b_941.JPG,
data/52capturetest/42%F2%AC50%F2b_971.JPG,
data/52capturetest/42%F2%AC52%F2b_015.JPG,
data/52capturetest/42%F2%AC53%F2b_045.JPG,
data/52capturetest/42%F2%AC54%F2b_075.JPG,
data/52capturetest/42%F2%AC55%F2b_104.JPG,
data/52capturetest/42%F2%AC56%F2b_133.JPG,
data/52capturetest/42%F2%AC57%F2b_163.JPG,
data/52capturetest/42%F2%AC58%F2b_207.JPG,
data/52capturetest/42%F2%AC59%F2b_238.JPG,
data/52capturetest/43%F2%AC00%F2b_282.JPG,
data/52capturetest/43%F2%AC01%F2b_311.JPG,
data/52capturetest/43%F2%AC02%F2b_341.JPG,
data/52capturetest/43%F2%AC03%F2b_372.JPG,
data/52capturetest/43%F2%AC04%F2b_400.JPG,
data/52capturetest/43%F2%AC05%F2b_430.JPG,
data/52capturetest/43%F2%AC06%F2b_459.JPG,
data/52capturetest/43%F2%AC07%F2b_489.JPG,
data/52capturetest/43%F2%AC08%F2b_517.JPG,
data/52capturetest/43%F2%AC09%F2b_563.JPG,
data/52capturetest/43%F2%AC10%F2b_701.JPG,
data/52capturetest/43%F2%AC11%F2b_731.JPG,
data/52capturetest/43%F2%AC12%F2b_760.JPG,
data/52capturetest/43%F2%AC13%F2b_790.JPG,
data/52capturetest/43%F2%AC14%F2b_820.JPG,
data/52capturetest/43%F2%AC15%F2b_849.JPG,
data/52capturetest/43%F2%AC16%F2b_910.JPG,
data/52capturetest/43%F2%AC18%F2b_016.JPG,
data/52capturetest/43%F2%AC19%F2b_078.JPG,
data/52capturetest/43%F2%AC20%F2b_107.JPG,
data/52capturetest/43%F2%AC21%F2b_136.JPG,
data/52capturetest/43%F2%AC22%F2b_167.JPG,
data/52capturetest/43%F2%AC23%F2b_211.JPG,
data/52capturetest/43%F2%AC24%F2b_256.JPG,
data/52capturetest/43%F2%AC25%F2b_302.JPG,
data/52capturetest/43%F2%AC26%F2b_331.JPG,
data/52capturetest/43%F2%AC27%F2b_360.JPG,
data/52capturetest/43%F2%AC28%F2b_452.JPG,
data/52capturetest/43%F2%AC29%F2b_480.JPG,
data/52capturetest/43%F2%AC30%F2b_511.JPG,
data/52capturetest/43%F2%AC31%F2b_556.JPG,
data/52capturetest/43%F2%AC32%F2b_601.JPG,
data/52capturetest/43%F2%AC33%F2b_645.JPG,
data/52capturetest/43%F2%AC34%F2b_675.JPG,
data/52capturetest/43%F2%AC35%F2b_784.JPG,
data/52capturetest/43%F2%AC36%F2b_844.JPG,
data/52capturetest/43%F2%AC37%F2b_888.JPG,
data/52capturetest/43%F2%AC38%F2b_917.JPG,
data/52capturetest/43%F2%AC39%F2b_963.JPG,
data/52capturetest/43%F2%AC41%F2b_008.JPG,
data/52capturetest/43%F2%AC42%F2b_053.JPG,
data/52capturetest/43%F2%AC43%F2b_084.JPG,
data/52capturetest/43%F2%AC44%F2b_113.JPG,
data/52capturetest/43%F2%AC45%F2b_157.JPG,
data/52capturetest/43%F2%AC46%F2b_186.JPG,
data/52capturetest/43%F2%AC47%F2b_216.JPG,
data/52capturetest/43%F2%AC48%F2b_245.JPG,
data/52capturetest/43%F2%AC49%F2b_274.JPG,
data/52capturetest/43%F2%AC50%F2b_303.JPG,
data/52capturetest/43%F2%AC51%F2b_820.JPG,
data/52capturetest/43%F2%AC52%F2b_877.JPG,
data/52capturetest/43%F2%AC53%F2b_907.JPG,
data/52capturetest/43%F2%AC54%F2b_952.JPG,
data/52capturetest/43%F2%AC55%F2b_981.JPG,
data/52capturetest/43%F2%AC57%F2b_011.JPG,
data/52capturetest/43%F2%AC58%F2b_055.JPG,
data/52capturetest/43%F2%AC59%F2b_085.JPG,
data/52capturetest/44%F2%AC00%F2b_131.JPG,
data/52capturetest/44%F2%AC01%F2b_159.JPG,
data/52capturetest/44%F2%AC02%F2b_189.JPG,
data/52capturetest/44%F2%AC03%F2b_219.JPG,
data/52capturetest/44%F2%AC04%F2b_264.JPG,
data/52capturetest/44%F2%AC05%F2b_293.JPG,
data/52capturetest/44%F2%AC06%F2b_323.JPG,
data/52capturetest/44%F2%AC07%F2b_352.JPG,
data/52capturetest/44%F2%AC08%F2b_430.JPG,
data/52capturetest/44%F2%AC09%F2b_457.JPG,
data/52capturetest/44%F2%AC10%F2b_487.JPG,
data/52capturetest/44%F2%AC11%F2b_516.JPG,
data/52capturetest/44%F2%AC12%F2b_546.JPG,
data/52capturetest/44%F2%AC13%F2b_575.JPG,
data/52capturetest/44%F2%AC14%F2b_621.JPG,
data/52capturetest/44%F2%AC15%F2b_651.JPG,
data/52capturetest/44%F2%AC16%F2b_695.JPG,
data/52capturetest/44%F2%AC17%F2b_724.JPG,
data/52capturetest/44%F2%AC18%F2b_770.JPG,
data/52capturetest/44%F2%AC19%F2b_798.JPG,
data/52capturetest/44%F2%AC20%F2b_829.JPG,
data/52capturetest/44%F2%AC21%F2b_874.JPG,
data/52capturetest/44%F2%AC22%F2b_919.JPG,
data/52capturetest/44%F2%AC23%F2b_948.JPG,
data/52capturetest/44%F2%AC24%F2b_993.JPG,
data/52capturetest/44%F2%AC26%F2b_023.JPG,
data/52capturetest/44%F2%AC27%F2b_053.JPG,
data/52capturetest/44%F2%AC28%F2b_082.JPG,
data/52capturetest/44%F2%AC29%F2b_126.JPG,
data/52capturetest/44%F2%AC30%F2b_157.JPG,
data/52capturetest/44%F2%AC31%F2b_186.JPG,
data/52capturetest/44%F2%AC32%F2b_215.JPG,
data/52capturetest/44%F2%AC33%F2b_260.JPG,
data/52capturetest/44%F2%AC34%F2b_290.JPG,
data/52capturetest/44%F2%AC35%F2b_319.JPG,
data/52capturetest/44%F2%AC36%F2b_348.JPG,
data/52capturetest/44%F2%AC37%F2b_378.JPG,
data/52capturetest/44%F2%AC38%F2b_424.JPG,
data/52capturetest/44%F2%AC39%F2b_469.JPG,
data/52capturetest/44%F2%AC40%F2b_498.JPG,
data/52capturetest/44%F2%AC41%F2b_527.JPG,
data/52capturetest/44%F2%AC42%F2b_557.JPG,
data/52capturetest/44%F2%AC43%F2b_587.JPG,
data/52capturetest/44%F2%AC44%F2b_631.JPG,
data/52capturetest/44%F2%AC45%F2b_678.JPG,
data/52capturetest/44%F2%AC46%F2b_706.JPG,
data/52capturetest/44%F2%AC47%F2b_752.JPG,
data/52capturetest/44%F2%AC48%F2b_781.JPG,
data/52capturetest/44%F2%AC49%F2b_810.JPG,
data/52capturetest/44%F2%AC50%F2b_840.JPG,
data/52capturetest/44%F2%AC51%F2b_885.JPG,
data/52capturetest/44%F2%AC52%F2b_915.JPG,
data/52capturetest/44%F2%AC53%F2b_960.JPG,
data/52capturetest/44%F2%AC55%F2b_006.JPG,
data/52capturetest/44%F2%AC56%F2b_034.JPG,
data/52capturetest/44%F2%AC57%F2b_064.JPG,
data/52capturetest/44%F2%AC58%F2b_109.JPG,
data/52capturetest/44%F2%AC59%F2b_139.JPG,
data/52capturetest/45%F2%AC00%F2b_168.JPG,
data/52capturetest/45%F2%AC01%F2b_198.JPG,
data/52capturetest/45%F2%AC02%F2b_228.JPG,
data/52capturetest/45%F2%AC03%F2b_257.JPG,
data/52capturetest/45%F2%AC04%F2b_286.JPG,
data/52capturetest/45%F2%AC05%F2b_316.JPG,
data/52capturetest/45%F2%AC06%F2b_346.JPG,
data/52capturetest/45%F2%AC07%F2b_376.JPG,
data/52capturetest/45%F2%AC08%F2b_436.JPG,
data/52capturetest/45%F2%AC09%F2b_466.JPG,
data/52capturetest/45%F2%AC10%F2b_495.JPG,
data/52capturetest/45%F2%AC11%F2b_525.JPG,
data/52capturetest/45%F2%AC12%F2b_554.JPG,
data/52capturetest/45%F2%AC13%F2b_584.JPG,
data/52capturetest/45%F2%AC14%F2b_630.JPG,
data/52capturetest/45%F2%AC15%F2b_658.JPG,
data/52capturetest/45%F2%AC16%F2b_720.JPG,
data/52capturetest/45%F2%AC17%F2b_750.JPG,
data/52capturetest/45%F2%AC18%F2b_778.JPG,
data/52capturetest/45%F2%AC19%F2b_809.JPG,
data/52capturetest/45%F2%AC20%F2b_855.JPG,
data/52capturetest/45%F2%AC21%F2b_883.JPG,
data/52capturetest/45%F2%AC22%F2b_912.JPG,
data/52capturetest/45%F2%AC23%F2b_945.JPG,
data/52capturetest/45%F2%AC24%F2b_987.JPG,
data/52capturetest/45%F2%AC26%F2b_018.JPG,
data/52capturetest/45%F2%AC27%F2b_061.JPG,
data/52capturetest/45%F2%AC28%F2b_091.JPG,
data/52capturetest/45%F2%AC29%F2b_121.JPG,
data/52capturetest/45%F2%AC30%F2b_151.JPG,
data/52capturetest/45%F2%AC31%F2b_180.JPG,
data/52capturetest/45%F2%AC32%F2b_209.JPG,
data/52capturetest/45%F2%AC33%F2b_240.JPG,
data/52capturetest/45%F2%AC34%F2b_268.JPG,
data/52capturetest/45%F2%AC35%F2b_298.JPG,
data/52capturetest/45%F2%AC36%F2b_327.JPG,
data/52capturetest/45%F2%AC37%F2b_372.JPG,
data/52capturetest/45%F2%AC38%F2b_433.JPG,
data/52capturetest/45%F2%AC39%F2b_463.JPG,
data/52capturetest/45%F2%AC40%F2b_742.JPG,
data/52capturetest/45%F2%AC41%F2b_772.JPG,
data/52capturetest/45%F2%AC42%F2b_801.JPG,
data/52capturetest/45%F2%AC43%F2b_848.JPG,
data/52capturetest/45%F2%AC44%F2b_891.JPG,
data/52capturetest/45%F2%AC45%F2b_936.JPG,
data/52capturetest/45%F2%AC46%F2b_966.JPG,
data/52capturetest/45%F2%AC47%F2b_995.JPG,
data/52capturetest/45%F2%AC49%F2b_025.JPG,
data/52capturetest/45%F2%AC50%F2b_055.JPG,
data/52capturetest/45%F2%AC51%F2b_100.JPG,
data/52capturetest/45%F2%AC52%F2b_129.JPG,
data/52capturetest/45%F2%AC53%F2b_159.JPG,
